position,wt,rel_sasa,dist_to_as,dist_min_cat,plddt
1,M,0.99692994,33.451763,30.93105,75.33441
2,E,0.77011114,30.33954,27.955133,73.89352
3,H,0.6270652,28.237274,25.373266,75.258194
4,E,0.53402406,25.497597,23.124943,79.19668
5,L,0.32001084,22.140965,19.827976,87.57538
6,H,0.14012256,19.668322,16.618143,90.56009
7,Y,0.07897332,15.894091,13.497123,94.66384
8,I,0.0013725284,14.017065,10.091128,96.55918
9,G,0.0,10.470864,6.6532874,97.27792
10,I,0.0027450568,10.430948,3.8259788,96.80192
11,D,0.0969148,8.471955,0.0,92.67314
12,T,0.040751256,10.653595,3.7197657,90.04192
13,A,0.29030037,12.561747,6.705333,92.77046
14,K,0.5827818,15.9952,10.362364,91.56454
15,E,0.58978677,18.088057,11.198222,90.954384
16,K,0.2683349,16.214716,8.455819,85.58685
17,L,0.0,14.254248,5.847089,94.676956
18,D,0.023754478,12.97634,5.1288743,93.12441
19,V,0.011377736,13.7964115,6.5836554,96.21845
20,D,0.0,13.876234,8.660507,94.871185
21,V,0.0023309316,16.429209,11.813895,95.47643
22,L,0.020324536,16.82454,12.9900465,93.00829
23,R,0.19343439,20.503075,16.728119,83.93555
24,P,0.39542392,22.452642,19.355358,88.51892
25,D,0.44599172,23.976622,20.235968,90.267136
26,G,0.42404798,20.60407,16.789051,89.28998
27,R,0.5555566,20.776678,16.0158,85.94768
28,H,0.25779548,18.05782,12.882433,92.73523
29,R,0.3138874,18.993628,13.482046,87.78465
30,T,0.38453808,17.145819,10.847882,90.912476
31,K,0.3587754,18.373974,11.073289,94.19932
32,K,0.5434293,17.711046,9.73883,91.85153
33,F,0.041933667,19.067358,10.626019,97.16005
34,A,0.37739545,19.995844,11.751776,97.13657
35,N,0.10805303,18.299896,10.524114,95.73555
36,T,0.40530834,21.811255,14.123781,95.56524
37,T,0.62197655,23.946865,16.353624,92.98786
38,K,0.63617533,25.523567,17.392002,95.57641
39,G,0.016166152,22.239208,13.919185,97.64098
40,H,0.040071867,21.11454,13.229954,96.37436
41,D,0.40130118,24.600773,16.711483,96.89858
42,E,0.36218998,24.359211,16.133842,94.353935
43,L,0.0026904286,21.10323,13.1648245,97.5935
44,V,0.094791226,22.98702,15.654673,96.776375
45,S,0.4636513,26.095142,18.459318,95.62548
46,W,0.096475855,24.271774,16.711632,95.64084
47,L,0.0026904289,22.907936,16.142643,96.51343
48,K,0.51039636,26.47312,19.784655,90.698746
49,G,0.6348388,28.053677,21.0348,94.129875
50,H,0.28185275,26.199785,19.863575,90.14605
51,K,0.73879266,27.440912,21.631304,89.11326
52,I,0.024705509,24.058426,18.688078,92.57465
53,D,0.47265893,25.50469,20.365555,89.475586
54,H,0.43542555,23.556528,19.531141,83.5388
55,A,0.0163514,19.759016,16.09447,95.91943
56,H,0.048288524,16.93755,13.405744,94.15844
57,I,0.0,14.197475,10.103854,96.70661
58,C,0.0,10.623863,6.733542,97.202835
59,I,0.0,9.32152,3.7376306,92.369194
60,E,0.16314071,6.6086164,0.0,86.70413
61,A,0.29417858,9.069264,3.8101373,87.7601
62,T,0.29711473,9.596353,5.777071,80.12506
63,G,0.45579144,13.200947,8.787853,80.770706
64,T,0.5001007,16.285017,11.114031,80.69131
65,Y,0.3775333,15.09272,10.0629015,85.116714
66,M,0.036517322,13.385606,7.4020934,89.50171
67,E,0.26022878,16.47452,10.083738,86.73996
68,P,0.41142464,19.097006,12.837308,93.3827
69,V,0.0007769773,17.330957,10.822549,96.07717
70,A,0.0031440472,16.340673,9.902539,96.0157
71,E,0.15011449,20.034643,13.493444,90.35858
72,C,0.17676815,21.471909,15.240677,95.62821
73,L,0.0040356433,19.848644,13.964118,97.084625
74,Y,0.2880353,20.903269,14.789413,92.27991
75,D,0.55239075,24.384295,18.14507,92.199455
76,A,0.29955864,24.482347,18.698772,95.747055
77,G,0.60888267,24.387255,18.84324,94.66415
78,Y,0.04192198,20.951292,15.818068,96.1654
79,I,0.40332985,19.061794,14.217018,93.908295
80,V,0.004004599,16.00355,10.644427,95.639
81,S,0.0017444394,13.295066,8.418477,95.58759
82,V,0.2621407,11.155188,5.624189,91.14335
83,I,0.026764305,8.135213,4.7003827,88.82254
84,N,0.38870913,7.70978,6.216596,87.09059
85,P,0.34538853,4.7412834,5.918857,87.70895
86,A,0.5232793,6.550629,9.545498,86.40204
87,L,0.51492524,6.7571235,9.342336,86.559135
88,G,0.012999428,3.5552855,7.537547,91.1641
89,K,0.5799546,4.153804,9.324584,86.705986
90,A,0.42593068,7.5851316,12.31821,90.24628
91,F,0.045103133,7.653048,10.8275585,92.94876
92,A,0.15825039,6.8086863,8.415288,90.9305
93,Q,0.5408788,9.526482,11.823603,87.57849
94,S,0.5435561,11.763098,13.795164,89.86342
95,E,0.39565736,11.93514,12.088608,86.75537
96,G,0.5223693,13.137541,12.973764,87.02056
97,L,0.3945041,10.841431,9.627447,81.20521
98,R,0.8477118,11.996182,11.01722,80.90388
99,N,0.60774463,11.972503,9.358122,81.43704
100,K,0.7494759,9.459252,6.7750516,72.84029
101,T,0.41527337,10.9069195,3.88106,77.32227
102,D,0.28640828,10.055936,0.0,79.34941
103,T,0.31429112,11.703881,3.8874695,79.49291
104,V,0.24491687,9.857728,3.884872,88.62602
105,D,0.12698677,6.383444,0.0,91.548096
106,A,0.008384127,8.707077,3.856219,94.91871
107,R,0.39099914,10.3913355,5.4776297,86.16466
108,M,0.07148147,7.6992245,4.991098,89.40962
109,L,0.0033630359,7.2199664,6.181586,94.72791
110,A,0.0,11.012634,8.684526,95.69033
111,E,0.18024981,11.4602585,9.82547,87.5108
112,F,0.05646723,9.507083,10.163482,94.51533
113,C,0.0,11.772088,10.842589,95.337006
114,R,0.36920425,14.749662,14.220229,90.85733
115,Q,0.3616576,14.519715,15.05833,90.04131
116,K,0.52497834,13.5603895,13.941107,94.66584
117,R,0.61900944,15.194946,13.850709,88.5217
118,P,0.17016774,13.841783,11.701748,94.52147
119,A,0.71414775,16.518627,13.17883,90.43304
120,A,0.4915723,17.466082,12.9110775,90.83041
121,W,0.19889693,16.969988,11.505927,88.30795
122,E,0.43435267,20.446733,14.578735,82.889885
123,A,0.02775095,21.07717,14.704152,87.59941
124,P,0.026691731,23.149841,16.857306,86.989655
125,H,0.28486496,26.838892,20.449986,84.60568
126,P,0.5774218,27.748838,21.222261,88.191895
127,L,0.244829,29.85366,23.507969,86.396576
128,E,0.0036375076,26.954191,20.82259,85.7495
129,R,0.17978539,24.86613,18.598051,81.73594
130,A,0.3221303,27.849674,21.685604,92.772675
131,L,0.0020178214,28.567915,22.723202,93.246124
132,R,0.14854012,24.984745,19.374485,81.373886
133,A,0.4921543,25.146944,19.539843,91.59283
134,L,0.19505607,28.612215,23.214972,94.148026
135,V,0.04384878,27.635382,22.65401,92.09723
136,V,0.36936864,24.669825,20.017801,90.68956
137,R,0.40422145,27.208227,22.580132,90.484085
138,H,0.11037636,29.890625,25.43474,92.97549
139,Q,0.21771704,27.740047,23.885752,83.81938
140,A,0.27417177,26.92036,23.34258,93.57721
141,L,0.008071287,30.745024,27.051409,94.04212
142,T,0.2675296,31.67632,28.26843,93.10428
143,D,0.25793967,29.5741,26.835611,93.019165
144,M,0.38508338,31.290419,28.53724,90.6896
145,H,0.12976007,34.631294,31.683668,94.29508
146,T,0.39009142,34.25471,31.847683,94.160645
147,Q,0.46304297,33.301735,31.371567,90.1376
148,E,0.048474725,36.296978,34.080772,91.82863
149,L,0.38016555,38.607155,36.39378,89.84205
150,N,0.44007224,37.701847,36.12301,94.33069
151,R,0.49183676,38.743645,37.26539,83.44507
152,T,0.26464173,42.146744,40.382706,91.235664
153,E,0.6730638,42.8981,41.591354,90.41044
154,T,0.68630123,42.51804,41.617363,92.06318
155,A,0.12710649,43.46102,42.227116,93.95763
156,R,0.6776635,46.50547,45.366665,87.89623
157,E,0.666068,49.202312,47.678276,86.11839
158,V,0.7286779,48.329624,46.749493,90.33846
159,Q,0.40046325,44.66658,42.964115,93.67568
160,R,0.4815511,45.81412,43.74623,84.60789
161,P,0.5859214,46.86195,44.371258,95.01647
162,S,0.51354724,43.459347,40.968662,94.10081
163,I,0.070685215,41.63398,39.206642,94.775345
164,D,0.36926356,44.033375,41.21919,94.04358
165,A,0.46535188,43.59084,40.425747,95.64987
166,H,0.30220154,39.791454,36.68,90.37561
167,L,0.08474851,40.094078,36.924095,95.53337
168,L,0.6115912,42.536507,38.919323,91.139275
169,W,0.43517908,40.130535,36.28654,93.936806
170,L,0.0,37.150105,33.393684,95.67407
171,E,0.30764496,39.46544,35.52336,93.00394
172,A,0.46175185,40.65867,36.287506,95.88381
173,E,0.11611626,37.059574,32.56033,90.739944
174,L,0.10828975,36.022415,31.613634,95.61152
175,K,0.61501145,39.18673,34.486664,89.323166
176,R,0.49109337,38.4683,33.41794,87.37127
177,L,0.047755115,34.876034,29.785868,91.08288
178,E,0.25463992,36.329655,31.304132,94.40921
179,K,0.56203693,38.909943,33.542603,93.82253
180,Q,0.35007003,36.312836,30.685345,92.52153
181,I,0.09333193,34.252975,28.713888,95.1963
182,K,0.38462803,37.594795,32.045216,93.7883
183,D,0.270185,38.825455,32.950974,95.2681
184,L,0.18224135,35.612034,29.587093,93.84661
185,T,0.001792812,35.90225,30.036945,90.85854
186,D,0.18143788,39.743107,33.826633,93.95442
187,D,0.61174977,39.805927,33.6156,92.680046
188,D,0.15212464,37.95594,31.764055,92.84013
189,P,0.6909491,40.179886,34.134502,93.13795
190,D,0.33471683,37.365616,31.46841,89.27673
191,M,0.01263464,35.291946,29.47325,86.20072
192,K,0.3260236,38.591797,32.879566,93.34124
193,H,0.41476002,39.486523,33.961407,92.87836
194,R,0.15909767,36.052563,30.741863,89.071175
195,R,0.07898276,36.33283,31.130182,90.786896
196,K,0.5009024,39.874477,34.801666,91.52444
197,L,0.032285146,38.644024,33.832176,95.0333
198,L,0.0,36.056767,31.504688,95.89336
199,E,0.27631104,38.788303,34.27265,96.01744
200,S,0.254211,41.029373,36.689743,96.37298
201,I,0.0025363658,38.892376,35.007668,96.414566
202,P,0.28229198,40.62829,37.05392,93.95922
203,G,0.30664274,38.76884,35.31252,95.07644
204,I,0.037891507,36.506153,32.606873,95.390976
205,G,0.35921878,37.75285,33.503418,95.38256
206,E,0.4577348,36.887337,32.19459,86.31062
207,K,0.53183913,33.92111,29.45143,88.803276
208,T,0.097279094,32.26945,28.081514,95.936005
209,S,0.0,33.0756,28.414242,95.09453
210,A,0.028296428,31.464073,26.434422,95.015015
211,V,0.11343867,28.129335,23.47312,93.49366
212,L,0.0,28.324856,23.743277,94.72466
213,L,0.025120888,29.141142,23.929737,90.187836
214,A,0.0,26.326729,20.93105,91.67395
215,Y,0.049451474,23.778063,18.762817,87.9935
216,I,0.034134217,25.824594,20.902538,86.17461
217,G,0.014311816,26.830477,21.266262,79.41115
218,L,0.17812131,29.60421,23.858555,68.47755
219,K,0.37117806,27.85298,22.30223,67.32741
220,D,0.63289285,27.427176,22.470814,73.23501
221,R,0.24179022,23.633251,18.78375,72.442116
222,F,0.065646626,24.078615,20.03443,87.70963
223,A,0.5985001,26.067476,22.51701,88.586006
224,H,0.4308858,27.80148,24.589159,86.29032
225,A,0.1967726,28.292652,25.161516,92.031746
226,R,0.60913765,26.291466,23.97388,84.45084
227,Q,0.34833503,23.04788,20.3981,85.41661
228,F,0.0,23.72532,20.413128,92.30468
229,A,0.0020960318,24.481117,21.958748,92.80723
230,A,0.3361374,21.16124,19.265648,89.988594
231,F,0.28236106,19.339687,16.507622,87.86482
232,A,0.0,21.46365,18.727396,91.27615
233,G,0.0,20.22481,18.714565,90.51303
234,L,0.019887125,23.856998,21.967678,92.26558
235,T,0.20482817,23.526316,18.791237,86.484
236,P,0.43965748,24.665758,16.066233,86.51476
237,R,0.45570678,22.283335,12.854589,73.665215
238,R,0.51857823,24.246569,9.839837,71.315506
239,Y,0.4519605,23.26455,6.5294957,69.221825
240,E,0.5149888,25.250463,3.9084227,74.55326
241,S,0.4176876,25.527655,0.0,73.68503
242,G,0.84189487,28.338284,3.8218868,71.60849
243,S,0.83623874,31.823414,6.4755216,74.9322
244,S,0.25670072,30.923939,5.76716,74.388
245,V,0.49305224,29.661032,6.4646297,71.59522
246,R,0.63926464,28.731531,7.2993226,59.282135
247,G,0.5962099,29.042866,10.599189,74.8204
248,A,0.7269363,29.643042,13.544477,76.33283
249,S,0.42032632,27.331348,13.651392,77.29747
250,R,0.68629175,25.212543,15.577415,78.24085
251,M,0.24797937,23.712202,17.99024,83.84087
252,S,0.20102933,19.905182,16.949997,83.076836
253,K,0.6223619,19.338572,18.960243,78.59294
254,A,0.7075885,15.847004,15.404876,81.56617
255,G,0.19484939,17.148195,15.146919,83.014694
256,H,0.3122489,18.747196,15.799537,78.443
257,V,0.44014862,20.781107,18.390331,84.024414
258,S,0.18439586,23.27806,19.957052,88.41481
259,L,0.0,24.285215,20.893744,90.31665
260,R,0.111292124,24.954304,22.491037,90.45016
261,R,0.47640997,27.019238,24.403448,83.97262
262,A,0.13329335,28.916471,25.575985,95.49327
263,L,0.0,29.886467,26.917152,96.38627
264,Y,0.36914545,31.0983,28.757257,94.098595
265,M,0.50089246,34.505905,31.829126,90.44505
266,P,0.02016689,35.283688,32.26195,96.75767
267,A,0.0,34.721375,32.306664,96.552025
268,M,0.25800622,37.19878,34.147,89.134514
269,V,0.3115679,39.74052,37.07016,93.984795
270,A,0.0,39.45517,35.896057,94.86235
271,T,0.08245636,40.01264,34.221794,92.127075
272,S,0.35310957,42.855183,37.38765,94.39794
273,K,0.6679475,44.70437,40.366154,89.80735
274,T,0.10689762,44.430695,39.616642,92.024
275,E,0.594833,46.276318,39.5315,86.604675
276,W,0.024342865,43.378757,36.639072,87.564865
277,G,0.0,40.929684,34.54412,93.849625
278,R,0.33071893,43.521877,35.383656,91.34174
279,A,0.33660015,44.11019,34.489136,91.59487
280,F,0.096047945,40.351166,31.056475,92.29872
281,R,0.29712105,40.27612,30.6065,92.11885
282,D,0.37130833,43.47949,31.900766,92.39563
283,R,0.37950212,42.366455,29.649782,84.95306
284,L,0.14393795,39.139977,26.48557,90.752495
285,A,0.39151928,41.308468,28.079527,93.635216
286,A,0.720029,43.838345,28.803892,92.893074
287,N,0.50890607,40.96673,25.03288,88.2581
288,G,0.6080211,40.42775,24.547373,91.67058
289,K,0.42575696,37.269012,23.501461,88.84818
290,K,0.6982786,37.02958,24.93946,88.836
291,G,0.52708805,36.93016,27.531158,93.49901
292,K,0.7974146,33.20475,25.394411,86.819595
293,V,0.43770897,32.346046,22.814373,91.22049
294,I,0.067253895,34.89349,25.869879,93.90289
295,L,0.14922397,33.480846,27.448786,92.18313
296,G,0.08670572,29.861378,24.428396,94.57224
297,A,0.23226707,31.478697,24.320566,93.71395
298,M,0.0,33.415684,28.089071,94.19748
299,M,0.06021478,30.34406,27.876247,95.46803
300,R,0.2580368,28.82683,25.559572,87.870926
301,K,0.24936245,32.221256,28.016716,89.946625
302,L,0.0,32.48302,29.542307,94.9555
303,A,0.0,29.09042,25.942123,96.04883
304,Q,0.17554785,30.424763,27.389578,92.79769
305,V,0.024052668,33.843525,30.466097,94.25743
306,A,0.0,32.48104,28.553162,95.74736
307,Y,0.037551165,30.58918,26.571522,90.72278
308,G,0.2974841,33.77031,29.918919,93.55096
309,V,0.047624867,36.10062,31.834253,89.29673
310,L,0.05968971,34.01838,29.313902,92.86791
311,K,0.52335715,33.763756,29.240309,87.366806
312,S,0.44461936,37.4963,33.064594,91.6832
313,G,0.32062262,38.740223,33.895428,92.50411
314,V,0.35399806,41.18657,36.62835,90.363846
315,P,0.4918688,41.63663,37.192383,95.565796
316,F,0.105071515,40.850376,36.87112,95.580795
317,D,0.2830573,43.53577,39.85344,92.84143
318,A,0.30053988,43.716988,39.378887,90.34705
319,S,0.49458563,45.94168,40.135643,87.13188
320,R,0.5925342,43.026516,37.648422,83.27663
321,H,0.22278701,40.928402,34.81046,81.971565
322,N,0.30129534,43.67995,35.666286,74.00964
323,P,0.3918652,43.535427,33.554775,67.05716
324,V,0.7787351,46.854687,36.22643,60.808342
325,A,0.7368901,48.235634,35.812984,64.39078
326,A,1.1321238,48.330513,34.678665,54.90122
