rank,mutation,position,wt,mut,esm_score,mpnn_score,esmif_score,esm_score_z,mpnn_score_z,esmif_score_z,consensus_z,n_favorable,mean_pctrank,rel_sasa,dist_min_cat,plddt,pos_rank
1,L168A,168,L,A,5.014029502868652,1.7933539152145386,3.5940253734588623,3.9285518325804496,2.0193479709235347,1.9588890145152877,2.635596272673091,3,0.9925196426649445,0.6115912,38.919323,91.139275,1
2,N322L,322,N,L,0.786693811416626,3.674847364425659,4.506351470947266,2.6817715230603443,2.9376737177483974,2.1245359394496863,2.5813270600861427,3,0.9955333118071251,0.30129534,35.666286,74.00964,2
3,T152L,152,T,L,4.132091045379639,2.532591819763184,0.5894765853881836,3.6684391793011577,2.3801577314148705,1.41336667449957,2.4873211950718663,3,0.985039285329889,0.26464173,40.382706,91.235664,3
6,S258L,258,S,L,3.635535478591919,0.8915901184082031,3.463045597076416,3.5219886136398166,1.5792120180138844,1.935107608671394,2.345436080108365,3,0.9814874609837477,0.18439586,19.957052,88.41481,4
7,H224N,224,H,N,1.067349910736084,3.177738666534424,1.436147689819336,2.7645462360044277,2.6950432071635695,1.567092919167929,2.3422274541119754,3,0.9901517597675169,0.4308858,24.589159,86.29032,5
9,S209A,209,S,A,-0.5132808685302734,3.3315227031707764,3.178232192993164,2.2983662408373515,2.7701026448422037,1.8833953265209993,2.317288070733518,2,0.9898826821655365,0.0,28.414242,95.09453,6
11,T271L,271,T,L,3.467724084854126,1.371545433998108,1.785636067390442,3.472495515221238,1.813470247196911,1.6305479438617738,2.3055045687599742,3,0.9848778387687008,0.08245636,34.221794,92.127075,7
16,V257A,257,V,A,0.4805840849876404,2.044816493988037,2.5793938636779785,2.5914896984501126,2.142082684960143,1.774666958389259,2.1694131139331714,3,0.9894521580023677,0.44014862,18.390331,84.024414,8
19,H193R,193,H,R,1.1720585823059082,1.405713438987732,2.3463521003723145,2.795428266549871,1.8301470837348048,1.7323546189975165,2.1193099897607306,3,0.9851469163706813,0.41476002,33.961407,92.87836,9
23,S45A,45,S,A,0.8938303589820862,1.018320918083191,2.1831512451171875,2.7133696140765555,1.6410672194263802,1.7027229775328052,2.019053270345247,3,0.9789581315251318,0.4636513,18.459318,95.62548,10
25,H256N,256,H,N,-0.9696743488311768,1.7889735698699951,2.9866833686828613,2.1637607951938644,2.017209997011606,1.8486166724748738,2.0098624882267813,2,0.9820794317081046,0.3122489,15.799537,78.443,11
26,F231Y,231,F,Y,1.3582758903503418,0.6974670886993408,1.8519870042800903,2.8503498743680313,1.4844637868637622,1.64259498350313,1.9924695482449746,3,0.9736842105263158,0.28236106,16.507622,87.86482,12
31,V305I,305,V,I,0.7248949408531189,0.7296762466430664,2.233973503112793,2.6635450039019624,1.5001845426472455,1.7119505451518513,1.9585600305670197,3,0.9742761812506728,0.024052668,30.466097,94.25743,13
32,M268L,268,M,L,-0.5184667110443115,1.676285982131958,1.6022049188613892,2.2968367653457675,1.9622090544301611,1.597243179507591,1.9520963330945065,2,0.9792272091271123,0.25800622,34.147,89.134514,14
33,H321Y,321,H,Y,-1.5349098443984983,1.80436110496521,2.6163392066955566,1.9970542600255838,2.024720397679773,1.7813749572926731,1.9343832049993432,2,0.9784199763211711,0.22278701,34.81046,81.971565,15
37,S249A,249,S,A,-0.3884716033935547,1.5202443599700928,0.9960665702819824,2.335176597425022,1.8860477266999796,1.4871893798811153,1.9028045680020391,2,0.9748143364546334,0.42032632,13.651392,77.29747,16
41,C72A,72,C,A,-7.476272583007812,4.384660243988037,4.231014728546143,0.24475100925863374,3.2841216115762144,2.0745442919173405,1.8678056375840628,2,0.8786460015068346,0.17676815,15.240677,95.62821,17
42,V158E,158,V,E,-3.2528634071350098,2.919806241989136,1.1596735715866089,1.4903732602126543,2.5691506687121533,1.5168947634478658,1.858806230790891,2,0.9641050478958132,0.7286779,46.749493,90.33846,18
44,K290P,290,K,P,4.278113842010498,0.2410144805908203,-4.043874740600586,3.7115061039242834,1.2616768393954276,0.5721100214194331,1.8484309882463812,2,0.8516844257883974,0.6982786,24.93946,88.836,19
45,A248K,248,A,K,-1.904239535331726,0.5574431419372559,5.064056873321533,1.8881267889217859,1.4161204208331384,2.225795987996936,1.8433477325839533,2,0.9603917769884834,0.7269363,13.544477,76.33283,20
46,N287K,287,N,K,-0.3945236206054687,0.7238948345184326,2.1517059803009038,2.333391658531253,1.4973627312775155,1.6970136029627858,1.8425893309238512,2,0.9695942309762136,0.50890607,25.03288,88.2581,21
49,D164E,164,D,E,0.1436600685119629,0.5847220420837402,1.2134617567062378,2.4921197263904737,1.42943479955717,1.5266608410459934,1.8160717889978788,3,0.9645355720589818,0.36926356,41.21919,94.04358,22
52,V314Q,314,V,Q,1.2615461349487305,0.8120265007019043,-1.3131585121154783,2.821821088583811,1.5403783358233565,1.0679138215762798,1.8100377486611492,2,0.9367667635346034,0.35399806,36.62835,90.363846,23
53,D220E,220,D,E,2.377281188964844,-0.4438087940216064,0.1984329223632812,3.150888046479181,0.9274259572755943,1.342366644495516,1.8068935494167635,2,0.9162092347433001,0.63289285,22.470814,73.23501,24
54,M191L,191,M,L,-3.150976657867432,1.65022075176239,3.3155617713928223,1.5204230130734675,1.9494870477947772,1.9083296372099796,1.7927465660260749,2,0.9654504359057152,0.01263464,29.47325,86.20072,25
59,S319A,319,S,A,0.4369440078735351,0.3916654586791992,0.5934114456176758,2.5786188046240497,1.3352070831605138,1.4140811092821073,1.7759689990222236,3,0.9546873318264987,0.49458563,40.135643,87.13188,26
60,M251L,251,M,L,1.2193398475646973,-0.4475445747375488,1.4929386377334597,2.809373066498703,0.9256025846683816,1.5774041948312931,1.7707932819994594,2,0.9257883973738027,0.24797937,17.99024,83.84087,27
63,S272T,272,S,T,0.0654447078704834,0.6026201248168945,0.2145848274230957,2.469051444458902,1.4381705568884264,1.345299272875167,1.7508404247408318,3,0.9557098267140244,0.35310957,37.38765,94.39794,28
68,E206A,206,E,A,0.9461116790771484,0.1813216209411621,-0.9601802825927734,2.728789094621251,1.232541744643507,1.1320024829115076,1.6977777740587552,2,0.9253040576902379,0.4577348,32.19459,86.31062,29
70,D190E,190,D,E,-2.152486085891724,0.8813332319259644,1.7118369340896606,1.8149107176808998,1.5742058018387235,1.6171485688710199,1.6687550294635478,2,0.960768485631256,0.33471683,31.46841,89.27673,30
71,E128V,128,E,V,-3.60719633102417,2.2176218032836914,0.3834223747253418,1.3858688288723677,2.2264260903441855,1.3759543430316343,1.6627497540827292,2,0.9506511677967926,0.0036375076,20.82259,85.7495,31
75,L97I,97,L,I,-4.851912975311279,2.027169704437256,2.7407031059265137,1.018760958502116,2.13346957966335,1.8039551482322636,1.6520618954659099,2,0.9436013346249057,0.3945041,9.627447,81.20521,32
77,R278K,278,R,K,0.392404556274414,-0.1676135063171386,0.0667929649353027,2.5654826556868136,1.0622322963341009,1.318465372563835,1.648726774861583,2,0.9259498439349908,0.33071893,35.383656,91.34174,33
79,N99T,99,N,T,-2.9489855766296387,1.2698705196380615,1.596082091331482,1.5799968253200773,1.7638444078392495,1.5961314853940225,1.6466575728511164,2,0.9595845441825422,0.60774463,9.358122,81.43704,34
81,G291P,291,G,P,-3.5933120250701904,1.7701399326324463,1.051621913909912,1.389963767277609,2.0080176110435057,1.4972763124603485,1.631752563593821,2,0.9538800990205575,0.52708805,27.531158,93.49901,35
82,I79T,79,I,T,-4.326374053955078,1.9307941198349,1.7492271661758425,1.173759668530816,2.0864302552677483,1.6239373442712963,1.6280424226899537,2,0.9487676245829296,0.40332985,14.217018,93.908295,36
84,H3Q,3,H,Q,-3.308717727661133,1.1385858058929443,1.6599721908569336,1.4738999843442608,1.699766516498611,1.6077317219205,1.5937994075877906,2,0.9543644387041224,0.6270652,25.373266,75.258194,37
86,V293Q,293,V,Q,-1.1310343742370603,0.091949462890625,0.9122541546821594,2.1161704174468308,1.1889206765916778,1.471971938492938,1.5923543441771486,2,0.9397266171563879,0.43770897,22.814373,91.22049,38
88,E15D,15,E,D,-1.8775367736816408,0.4916367530822754,0.9451266527175904,1.8960023114411957,1.3840014138727712,1.4779404493460984,1.5859813915533552,2,0.9491981487460984,0.58978677,11.198222,90.954384,39
90,A130E,130,A,E,-3.2350759506225586,1.0811731815338137,1.3373794555664062,1.4956193660710115,1.671744366772881,1.549160017401512,1.572174583415135,2,0.9526423420514476,0.3221303,21.685604,92.772675,40
92,W169S,169,W,S,-4.299942493438721,2.183901786804199,0.0527050495147705,1.181555204917557,2.2099679095679194,1.3159074934517814,1.5691435359790862,2,0.9370358411365838,0.43517908,36.28654,93.936806,41
93,D20A,20,D,A,-8.037537574768066,4.0233025550842285,1.1551895141601562,0.07921550623136227,3.1077489169635206,1.516080613413173,1.567681678869352,2,0.8505004843396836,0.0,8.660507,94.871185,42
96,K196E,196,K,E,-1.9696190357208248,0.0963685512542724,1.604214429855347,1.8688442242803693,1.1910775603286543,1.5976080373338521,1.5525099406476253,2,0.9395651705951996,0.5009024,34.801666,91.52444,43
99,D187A,187,D,A,-3.716466188430786,1.1982923746109009,1.0361735820770264,1.3536415546310254,1.7289083024193947,1.494471428690687,1.5256737619137024,2,0.9464535572058983,0.61174977,33.6156,92.680046,44
100,K182R,182,K,R,-2.320940494537353,0.3862552642822265,0.681999683380127,1.765227973020732,1.332566457006779,1.430165675109069,1.5093200350455265,2,0.9408029275643095,0.38462803,32.045216,93.7883,45
105,A318P,318,A,P,1.4038686752319336,0.2087106704711914,-5.23798942565918,2.8637966859286785,1.2459098854547508,0.3553000165938527,1.4883355293257605,2,0.8170810461737165,0.30053988,39.378887,90.34705,46
108,R194K,194,R,K,0.0643773078918457,0.578464150428772,-4.2595086097717285,2.4687366331042138,1.4263804264313917,0.5329583546653642,1.47602513806699,2,0.8524378430739424,0.15909767,30.741863,89.071175,47
109,L87Q,87,L,Q,-4.053877830505371,0.5681478977203369,2.428597450256348,1.2541277657469112,1.4213452345858504,1.747287535348314,1.474253511893692,2,0.9365515014530189,0.51492524,9.342336,86.559135,48
110,H138R,138,H,R,-5.4758710861206055,1.2635748386383057,2.8442163467407227,0.8347351930310939,1.7607715903610404,1.822749579388044,1.472752120926726,2,0.9228285437520181,0.11037636,25.43474,92.97549,49
111,K207R,207,K,R,-2.6865382194519043,0.5783121585845947,0.0291950702667236,1.6574011814199348,1.4263062417331278,1.3116388928073062,1.4651154386534564,2,0.9374663652997525,0.53183913,29.45143,88.803276,50
113,E95Q,95,E,Q,-5.0774030685424805,1.3033101558685305,1.5108466148376465,0.952256514863776,1.7801657396662471,1.5806556652729156,1.437692639934313,2,0.9283715423528145,0.39565736,12.088608,86.75537,51
115,W276A,276,W,A,-7.039846420288086,2.8616437911987305,0.2705106735229492,0.373467436330805,2.540762541141654,1.3554534759132018,1.4232278177952205,2,0.8754708858034658,0.024342865,36.639072,87.564865,52
120,R160L,160,R,L,-5.279884338378906,1.1396034955978394,1.0247983932495115,0.8925381298797886,1.7002632339645558,1.4924060870820088,1.3617358169754512,2,0.9192229038854806,0.4815511,43.74623,84.60789,53
121,T37A,37,T,A,-6.442681312561035,2.1127078533172607,0.2454781532287597,0.5495910641165139,2.175219331428461,1.3509084343743203,1.3585729433064317,2,0.8905930470347648,0.62197655,16.353624,92.98786,54
122,T64S,64,T,S,-5.512382507324219,1.128026008605957,1.2775566577911377,0.82396677425581,1.694612454583616,1.538298262465721,1.3522924971017156,2,0.9152943708965665,0.5001007,11.114031,80.69131,55
123,Q147A,147,Q,A,-5.531661033630371,0.934038519859314,1.8190761804580688,0.8182809028821032,1.5999303787291221,1.6366195140101674,1.351610265207131,2,0.9147562156926057,0.46304297,31.371567,90.1376,56
125,D282A,282,D,A,0.159031867980957,0.2797346115112304,-5.712634086608887,2.4966533755488753,1.2805754931003082,0.2691209313530641,1.348783266667416,2,0.8054030782477667,0.37130833,31.900766,92.39563,57
130,D41E,41,D,E,-4.575064659118652,0.4323490858078003,1.1292548179626465,1.100412630984791,1.3550640867988106,1.5113717678742238,1.3222828285526085,2,0.918846195242708,0.40130118,16.711483,96.89858,58
131,C113G,113,C,G,-6.724216938018799,1.9905383586883545,0.3865242004394531,0.4665569499914066,2.115590427356886,1.3765175275033266,1.319554968283873,2,0.8837584759444624,0.0,10.842589,95.337006,59
136,R238V,238,R,V,-5.231052398681641,0.5878468751907349,1.5606123208999634,0.9069402747137872,1.4309599787693998,1.5896913995340596,1.3091972176724156,2,0.9145947691314175,0.51857823,9.839837,71.315506,60
137,Q304E,304,Q,E,-5.546621322631836,0.7878661155700684,1.2252519130706787,0.81386862169292,1.5285860525554704,1.5288015264343011,1.2904187335608972,2,0.908997955010225,0.17554785,27.389578,92.79769,61
147,S162A,162,S,A,-5.268468379974365,0.803498387336731,0.2267944812774658,0.895905071422156,1.5362159051338617,1.3475161245261913,1.2598790336940697,2,0.9065224410720051,0.51354724,40.968662,94.10081,62
148,I163L,163,I,L,-8.48239517211914,2.0664682388305664,1.8485231399536133,-0.05198762817768491,2.152650542510173,1.6419660653173513,1.247542993216613,2,0.8327413626089765,0.070685215,39.206642,94.775345,63
151,M144L,144,M,L,-5.876022338867188,0.9783785343170166,0.2764010429382324,0.716717429794771,1.6215720043793032,1.356522963657831,1.231604132610635,2,0.8950597352276398,0.38508338,28.53724,90.6896,64
153,Q139A,139,Q,A,-5.743117332458496,0.2295870780944824,1.7300653457641602,0.7559154867085063,1.2560993137675187,1.6204582191689032,1.2108243398816427,2,0.8903777849531805,0.21771704,23.885752,83.81938,65
157,E42A,42,E,A,-6.059117317199707,0.570753812789917,1.2382287979125977,0.6627166996851204,1.4226171385105957,1.531157680747117,1.2054971729809443,2,0.8911312022387256,0.36218998,16.133842,94.353935,66
160,K32R,32,K,R,-5.522073268890381,0.2531757354736328,1.1046756505966189,0.8211086499934345,1.2676125462017782,1.5069090395769198,1.1985434119240441,2,0.8937143472177377,0.5434293,9.73883,91.85153,67
161,T30S,30,T,S,-5.911559104919434,0.3971514701843261,0.9899652004241944,0.7062364688747399,1.337884714387265,1.4860815817400643,1.1767342550006896,2,0.8880099020557529,0.38453808,10.847882,90.912476,68
163,Q159E,159,Q,E,-7.351273059844971,1.1401684284210205,1.0593571662902832,0.28161747919476066,1.7005389683057894,1.4986807672643132,1.1602790715882878,2,0.8621784522656334,0.40046325,42.964115,93.67568,69
166,F316Y,316,F,Y,-5.695505142211914,0.4107832908630371,0.0900897979736328,0.7699578873185638,1.3445381799683482,1.3226952732146366,1.1457304468338496,2,0.8852653105155527,0.105071515,36.87112,95.580795,70
168,Q93K,93,Q,K,-7.319035530090332,1.2592828273773191,0.3739633560180664,0.29112538683666506,1.75867673085022,1.374236911768766,1.1413463431518838,2,0.8581422882359272,0.5408788,11.823603,87.57849,71
169,K51N,51,K,N,-6.869844436645508,1.0386110544204712,0.0891890525817871,0.42360661174890907,1.6509704984481188,1.3225317289460699,1.1323696130476992,2,0.865837907652567,0.73879266,21.631304,89.11326,72
171,K38A,38,K,A,-8.966724395751953,1.551114559173584,1.8536794185638428,-0.1948322431846223,1.9011149589298153,1.6429022675132996,1.1163949944194975,2,0.8084167473899472,0.63617533,17.392002,95.57641,73
172,Q115D,115,Q,D,-8.849925994873047,2.100611925125122,0.1304426193237304,-0.16038455390039677,2.1693155094963448,1.330021952553825,1.112984302716591,2,0.8037886126358842,0.3616576,15.05833,90.04131,74
174,E122T,122,E,T,-6.310337543487549,0.3476612567901611,0.6793371438980103,0.5886235936840493,1.3137293620554384,1.4296822498525261,1.1106784018640046,2,0.8726186632224734,0.43435267,14.578735,82.889885,75
176,V136R,136,V,R,-8.901618003845215,1.0841808319091797,2.8169565200805664,-0.17563022721570865,1.6732123510373516,1.817800135901849,1.1051274199078307,2,0.8075556990636099,0.36936864,20.017801,90.68956,76
183,R29E,29,R,E,-8.940214157104492,1.8970277309417725,0.025789737701416,-0.1870135020297224,2.0699494408855026,1.3110206019687836,1.0646521802748545,2,0.7974921967495426,0.3138874,13.482046,87.78465,77
186,A34E,34,A,E,-6.575494289398193,0.312476634979248,0.2126495838165283,0.5104201497497769,1.2965563317082933,1.3449478994426747,1.0506414603002483,2,0.8589495210418686,0.37739545,11.751776,97.13657,78
187,E111L,111,E,L,-7.070925235748291,0.2205183506011963,1.0265560150146484,0.36430127163814885,1.2516730182885123,1.4927252105197732,1.036233166815478,2,0.8480787859218598,0.18024981,9.82547,87.5108,79
192,L149K,149,L,K,-7.381349086761475,0.4385366439819336,0.6294858455657959,0.2727470698199107,1.3580841313191174,1.4206309749898958,1.0171540587096413,2,0.8431277580454203,0.38016555,36.39378,89.84205,80
204,E71D,71,E,D,-8.931543350219727,0.5413721799850464,0.3794980049133301,-0.18445619594366044,1.4082764508511303,1.3752418129467725,0.8663540226180807,2,0.7829081907222043,0.15011449,13.493444,90.35858,81
205,E4A,4,E,A,-8.718644142150879,0.2562651634216308,0.5834598541259766,-0.12166521838552642,1.2691204447431186,1.4122742438056715,0.853243156721088,2,0.784038316650522,0.53402406,23.124943,79.19668,82
207,M299Q,299,M,Q,-8.808847427368164,0.1545586585998535,0.9154748916625975,-0.14826913349223222,1.2194791866050334,1.4725567131456643,0.8479222554194884,2,0.7792487353352707,0.06021478,27.876247,95.46803,83
216,R237L,237,R,L,-9.808297157287598,0.0231924057006835,0.0424959659576416,-0.4430397253187645,1.1553614973556794,1.3140538763051357,0.6754585494473502,2,0.7247336131740393,0.45570678,12.854589,73.665215,84
218,M1G,1,M,G,-12.493186950683594,0.0269243717193603,0.2100813388824463,-1.2349020168340679,1.157183008072426,1.344481594820917,0.42225419535309167,2,0.6386287805403078,0.99692994,30.93105,75.33441,85
